Workbook

Sheet Start here
A1: NBC · PMR CRM (market research, Fall 2026)
A2: Tracks every watering hole, outreach message, contact and interview for the NBC market research tactic. Weeks run Wednesday to Tuesday.
A4: HOW TO USE
A5: 1. Outreach: when you send a message, enter the Sent date and paste a screenshot link. When someone replies, enter the Reply date. Stage and Follow-up due fill in automatically.
A6: 2. Contacts: add each person who replies as a Contact ID (C11, C12…) with role and organisation. Record consent before any interview.
A7: 3. Interviews: set Status to Done after each interview, fill the notes columns the same day, and rate problems P1–P5 from 0 to 3.
A8: 4. Insights grid and Dashboard update themselves from the other tabs. Do not type in their formula cells.
A10: STAGES (Outreach tab, automatic)
A11: Scheduled → Sent → Follow up (no reply after 5 days) → Replied → Booked. Use Outcome for Declined or Not sent.
A13: RATING SCALE (Interviews tab)
A14: 0 not raised · 1 raised when asked · 2 raised with an example · 3 raised unprompted, with a recent example. Confirmed problem: 6 or more of 10 rate it 2+, including at least 3 of 5 buyers.
A16: PRIVACY
... A19: SOURCES ON GITHUB
A20: =HYPERLINK("https://docs.google.com/spreadsheets/d/11LfHholpkKC0vhpQ7z_DvRme57lPln2jZR7Nm4EMrjg/edit","Live PMR CRM (Google Sheets)")
A21: =HYPERLINK("https://github.com/samquansah-algo/nbc-vct/blob/main/marketing/INTERVIEW_SCRIPT.md","Interview script")
A22: =HYPERLINK("https://github.com/samquansah-algo/nbc-vct/blob/main/marketing/OUTREACH_MESSAGES.md","Outreach messages v1 and v2")
A23: =HYPERLINK("https://github.com/samquansah-algo/nbc-vct/blob/main/marketing/watering_holes_v5.md","Watering holes (20, sourced)")
A24: =HYPERLINK("https://github.com/samquansah-algo/nbc-vct/blob/main/marketing/INTERVIEW_TRACKER.md","Interview tracker page")
A25: =HYPERLINK("https://github.com/samquansah-algo/nbc-vct/blob/main/tactics-milestones/DEADLINES.md","Deadlines")
A26: =HYPERLINK("https://github.com/samquansah-algo/nbc-vct","Repository")

Sheet Dashboard
A1: NBC PMR dashboard
A2: =CONCATENATE("Updated automatically · today is ",TEXT(TODAY(),"ddd d mmm yyyy"))
A4: KEY NUMBERS
A5: Messages planned | B5: =COUNTA(Outreach!$A$2:$A$200)
A6: Sent | B6: =COUNT(Outreach!$J$2:$J$200)
A7: Replies | B7: =COUNT(Outreach!$L$2:$L$200)
A8: Reply rate | B8: =IFERROR(B7/B6,0)
A9: Interviews booked (from outreach) | B9: =COUNTIF(Outreach!$P$2:$P$200,"Yes")
A10: Follow-ups due now | B10: =COUNTIF(Outreach!$S$2:$S$200,"Follow up")
A11: Declined | B11: =COUNTIF(Outreach!$R$2:$R$200,"Declined")
A13: Interviews scheduled | B13: =COUNTA(Interviews!$A$2:$A$200)
A14: Interviews done | B14: =COUNTIF(Interviews!$H$2:$H$200,"Done")
A15: Target interviews | B15: 10
A16: Progress to target | B16: =IFERROR(B14/B15,0)
A18: Problems confirmed (of 5) | B18: =COUNTIF('Insights grid'!$D$37:$H$37,"Confirmed")
A20: BY VERSION
A21: Version | B21: Planned | C21: Sent | D21: Replies | E21: Reply rate | F21: Booked
A22: v1 | B22: =COUNTIF(Outreach!$B$2:$B$200,A22) | C22: =COUNTIFS(Outreach!$B$2:$B$200,A22,Outreach!$J$2:$J$200,"<>") | D22: =COUNTIFS(Outreach!$B$2:$B$200,A22,Outreach!$L$2:$L$200,"<>") | E22: =IFERROR(D22/C22,0) | F22: =COUNTIFS(Outreach!$B$2:$B$200,A22,Outreach!$P$2:$P$200,"Yes")
A23: v2 | B23: =COUNTIF(Outreach!$B$2:$B$200,A23) | C23: =COUNTIFS(Outreach!$B$2:$B$200,A23,Outreach!$J$2:$J$200,"<>") | D23: =COUNTIFS(Outreach!$B$2:$B$200,A23,Outreach!$L$2:$L$200,"<>") | E23: =IFERROR(D23/C23,0) | F23: =COUNTIFS(Outreach!$B$2:$B$200,A23,Outreach!$P$2:$P$200,"Yes")
A25: BY CHANNEL
A26: Channel | B26: Planned | C26: Sent | D26: Replies | E26: Reply rate | F26: Booked
A27: Email | B27: =COUNTIF(Outreach!$E$2:$E$200,A27) | C27: =COUNTIFS(Outreach!$E$2:$E$200,A27,Outreach!$J$2:$J$200,"<>") | D27: =COUNTIFS(Outreach!$E$2:$E$200,A27,Outreach!$L$2:$L$200,"<>") | E27: =IFERROR(D27/C27,0) | F27: =COUNTIFS(Outreach!$E$2:$E$200,A27,Outreach!$P$2:$P$200,"Yes")
A28: Formal letter | B28: =COUNTIF(Outreach!$E$2:$E$200,A28) | C28: =COUNTIFS(Outreach!$E$2:$E$200,A28,Outreach!$J$2:$J$200,"<>") | D28: =COUNTIFS(Outreach!$E$2:$E$200,A28,Outreach!$L$2:$L$200,"<>") | E28: =IFERROR(D28/C28,0) | F28: =COUNTIFS(Outreach!$E$2:$E$200,A28,Outreach!$P$2:$P$200,"Yes")
A29: Facebook group | B29: =COUNTIF(Outreach!$E$2:$E$200,A29) | C29: =COUNTIFS(Outreach!$E$2:$E$200,A29,Outreach!$J$2:$J$200,"<>") | D29: =COUNTIFS(Outreach!$E$2:$E$200,A29,Outreach!$L$2:$L$200,"<>") | E29: =IFERROR(D29/C29,0) | F29: =COUNTIFS(Outreach!$E$2:$E$200,A29,Outreach!$P$2:$P$200,"Yes")
A30: Community post | B30: =COUNTIF(Outreach!$E$2:$E$200,A30) | C30: =COUNTIFS(Outreach!$E$2:$E$200,A30,Outreach!$J$2:$J$200,"<>") | D30: =COUNTIFS(Outreach!$E$2:$E$200,A30,Outreach!$L$2:$L$200,"<>") | E30: =IFERROR(D30/C30,0) | F30: =COUNTIFS(Outreach!$E$2:$E$200,A30,Outreach!$P$2:$P$200,"Yes")
A31: LinkedIn | B31: =COUNTIF(Outreach!$E$2:$E$200,A31) | C31: =COUNTIFS(Outreach!$E$2:$E$200,A31,Outreach!$J$2:$J$200,"<>") | D31: =COUNTIFS(Outreach!$E$2:$E$200,A31,Outreach!$L$2:$L$200,"<>") | E31: =IFERROR(D31/C31,0) | F31: =COUNTIFS(Outreach!$E$2:$E$200,A31,Outreach!$P$2:$P$200,"Yes")
A32: Forum / DM | B32: =COUNTIF(Outreach!$E$2:$E$200,A32) | C32: =COUNTIFS(Outreach!$E$2:$E$200,A32,Outreach!$J$2:$J$200,"<>") | D32: =COUNTIFS(Outreach!$E$2:$E$200,A32,Outreach!$L$2:$L$200,"<>") | E32: =IFERROR(D32/C32,0) | F32: =COUNTIFS(Outreach!$E$2:$E$200,A32,Outreach!$P$2:$P$200,"Yes")
A33: Reddit | B33: =COUNTIF(Outreach!$E$2:$E$200,A33) | C33: =COUNTIFS(Outreach!$E$2:$E$200,A33,Outreach!$J$2:$J$200,"<>") | D33: =COUNTIFS(Outreach!$E$2:$E$200,A33,Outreach!$L$2:$L$200,"<>") | E33: =IFERROR(D33/C33,0) | F33: =COUNTIFS(Outreach!$E$2:$E$200,A33,Outreach!$P$2:$P$200,"Yes")
A34: In person | B34: =COUNTIF(Outreach!$E$2:$E$200,A34) | C34: =COUNTIFS(Outreach!$E$2:$E$200,A34,Outreach!$J$2:$J$200,"<>") | D34: =COUNTIFS(Outreach!$E$2:$E$200,A34,Outreach!$L$2:$L$200,"<>") | E34: =IFERROR(D34/C34,0) | F34: =COUNTIFS(Outreach!$E$2:$E$200,A34,Outreach!$P$2:$P$200,"Yes")
A35: Same as v1 | B35: =COUNTIF(Outreach!$E$2:$E$200,A35) | C35: =COUNTIFS(Outreach!$E$2:$E$200,A35,Outreach!$J$2:$J$200,"<>") | D35: =COUNTIFS(Outreach!$E$2:$E$200,A35,Outreach!$L$2:$L$200,"<>") | E35: =IFERROR(D35/C35,0) | F35: =COUNTIFS(Outreach!$E$2:$E$200,A35,Outreach!$P$2:$P$200,"Yes")
A37: BY SEGMENT (interviews)
A38: Segment | B38: Scheduled | C38: Done
A39: Buyer | B39: =COUNTIF(Interviews!$D$2:$D$200,A39) | C39: =COUNTIFS(Interviews!$D$2:$D$200,A39,Interviews!$H$2:$H$200,"Done")
A40: User | B40: =COUNTIF(Interviews!$D$2:$D$200,A40) | C40: =COUNTIFS(Interviews!$D$2:$D$200,A40,Interviews!$H$2:$H$200,"Done")
A41: Host | B41: =COUNTIF(Interviews!$D$2:$D$200,A41) | C41: =COUNTIFS(Interviews!$D$2:$D$200,A41,Interviews!$H$2:$H$200,"Done")
A42: Research | B42: =COUNTIF(Interviews!$D$2:$D$200,A42) | C42: =COUNTIFS(Interviews!$D$2:$D$200,A42,Interviews!$H$2:$H$200,"Done")

Sheet Outreach
A1: Msg ID | B1: Version | C1: Org ID | D1: Organisation | E1: Channel | F1: Audience | G1: To / where | H1: Message text | I1: Scheduled | J1: Sent date | K1: Screenshot link | L1: Reply date | M1: Days to reply | N1: Follow-up due | O1: Follow-up sent | P1: Interview booked? | Q1: Interview ID | R1: Outcome | S1: Stage (auto) | T1: Notes
A2: P1 | B2: v1 | C2: G2 | D2: =IF(C2="","",IFERROR(VLOOKUP(C2,Organisations!$A:$B,2,FALSE),"")) | E2: Email | F2: GRAF / club owner | G2: Ghana Robotics Academy Foundation (website contact) | H2: =HYPERLINK("https://github.com/samquansah-algo/nbc-vct/blob/main/marketing/OUTREACH_MESSAGES.md#v1-first-messages","Open message") | I2: 46293 | M2: =IF(AND(J2<>"",L2<>""),L2-J2,"") | N2: =IF(AND(J2<>"",L2=""),J2+5,"") | R2: Open | S2: =IF(R2<>"Open",R2,IF(P2="Yes","Booked",IF(L2<>"","Replied",IF(J2="","Scheduled",IF(TODAY()>J2+5,"Follow up","Sent")))))
A3: P2 | B3: v1 | C3: G1 | D3: =IF(C3="","",IFERROR(VLOOKUP(C3,Organisations!$A:$B,2,FALSE),"")) | E3: Email | F3: Ghana Code Club | G3: Ghana Code Club team | H3: =HYPERLINK("https://github.com/samquansah-algo/nbc-vct/blob/main/marketing/OUTREACH_MESSAGES.md#v1-first-messages","Open message") | I3: 46293 | M3: =IF(AND(J3<>"",L3<>""),L3-J3,"") | N3: =IF(AND(J3<>"",L3=""),J3+5,"") | R3: Open | S3: =IF(R3<>"Open",R3,IF(P3="Yes","Booked",IF(L3<>"","Replied",IF(J3="","Scheduled",IF(TODAY()>J3+5,"Follow up","Sent")))))
A4: P3 | B4: v1 | C4: G3 | D4: =IF(C4="","",IFERROR(VLOOKUP(C4,Organisations!$A:$B,2,FALSE),"")) | E4: Formal letter | F4: Ghana Library Authority | G4: Ghana Library Authority, Programme Office | H4: =HYPERLINK("https://github.com/samquansah-algo/nbc-vct/blob/main/marketing/OUTREACH_MESSAGES.md#v1-first-messages","Open message") | I4: 46293 | M4: =IF(AND(J4<>"",L4<>""),L4-J4,"") | N4: =IF(AND(J4<>"",L4=""),J4+5,"") | R4: Open | S4: =IF(R4<>"Open",R4,IF(P4="Yes","Booked",IF(L4<>"","Replied",IF(J4="","Scheduled",IF(TODAY()>J4+5,"Follow up","Sent")))))
A5: P4 | B5: v1 | C5: F1 | D5: =IF(C5="","",IFERROR(VLOOKUP(C5,Organisations!$A:$B,2,FALSE),"")) | E5: Facebook group | F5: Participatory Library group | G5: MakerSpaces and the Participatory Library | H5: =HYPERLINK("https://github.com/samquansah-algo/nbc-vct/blob/main/marketing/OUTREACH_MESSAGES.md#v1-first-messages","Open message") | I5: 46294 | M5: =IF(AND(J5<>"",L5<>""),L5-J5,"") | N5: =IF(AND(J5<>"",L5=""),J5+5,"") | R5: Open | S5: =IF(R5<>"Open",R5,IF(P5="Yes","Booked",IF(L5<>"","Replied",IF(J5="","Scheduled",IF(TODAY()>J5+5,"Follow up","Sent")))))
A6: P5 | B6: v1 | C6: R1 | D6: =IF(C6="","",IFERROR(VLOOKUP(C6,Organisations!$A:$B,2,FALSE),"")) | E6: Email | F6: Learning-sciences researcher | G6: a learning-sciences researcher (ISLS) | H6: =HYPERLINK("https://github.com/samquansah-algo/nbc-vct/blob/main/marketing/OUTREACH_MESSAGES.md#v1-first-messages","Open message") | I6: 46293 | M6: =IF(AND(J6<>"",L6<>""),L6-J6,"") | N6: =IF(AND(J6<>"",L6=""),J6+5,"") | R6: Open | S6: =IF(R6<>"Open",R6,IF(P6="Yes","Booked",IF(L6<>"","Replied",IF(J6="","Scheduled",IF(TODAY()>J6+5,"Follow up","Sent")))))
A7: R1 | B7: v1 | C7: M1 | D7: =IF(C7="","",IFERROR(VLOOKUP(C7,Organisations!$A:$B,2,FALSE),"")) | E7: Community post | F7: Facilitator community | G7: micro:bit Champions community | H7: =HYPERLINK("https://github.com/samquansah-algo/nbc-vct/blob/main/marketing/OUTREACH_MESSAGES.md#v1-first-messages","Open message") | I7: 46294 | M7: =IF(AND(J7<>"",L7<>""),L7-J7,"") | N7: =IF(AND(J7<>"",L7=""),J7+5,"") | R7: Open | S7: =IF(R7<>"Open",R7,IF(P7="Yes","Booked",IF(L7<>"","Replied",IF(J7="","Scheduled",IF(TODAY()>J7+5,"Follow up","Sent")))))
A8: R2 | B8: v1 | C8: G5 | D8: =IF(C8="","",IFERROR(VLOOKUP(C8,Organisations!$A:$B,2,FALSE),"")) | E8: LinkedIn | F8: Programme owner | G8: a programme owner (e.g. The MakersPlace) | H8: =HYPERLINK("https://github.com/samquansah-algo/nbc-vct/blob/main/marketing/OUTREACH_MESSAGES.md#v1-first-messages","Open message") | I8: 46294 | M8: =IF(AND(J8<>"",L8<>""),L8-J8,"") | N8: =IF(AND(J8<>"",L8=""),J8+5,"") | R8: Open | S8: =IF(R8<>"Open",R8,IF(P8="Yes","Booked",IF(L8<>"","Replied",IF(J8="","Scheduled",IF(TODAY()>J8+5,"Follow up","Sent")))))
A9: R3 | B9: v1 | C9: M2 | D9: =IF(C9="","",IFERROR(VLOOKUP(C9,Organisations!$A:$B,2,FALSE),"")) | E9: Forum / DM | F9: Makerspace practitioner | G9: Scratch Educator Meetups | H9: =HYPERLINK("https://github.com/samquansah-algo/nbc-vct/blob/main/marketing/OUTREACH_MESSAGES.md#v1-first-messages","Open message") | I9: 46294 | M9: =IF(AND(J9<>"",L9<>""),L9-J9,"") | N9: =IF(AND(J9<>"",L9=""),J9+5,"") | R9: Open | S9: =IF(R9<>"Open",R9,IF(P9="Yes","Booked",IF(L9<>"","Replied",IF(J9="","Scheduled",IF(TODAY()>J9+5,"Follow up","Sent")))))
A10: R4 | B10: v1 | C10: T3 | D10: =IF(C10="","",IFERROR(VLOOKUP(C10,Organisations!$A:$B,2,FALSE),"")) | E10: Reddit | F10: Parent community | G10: r/homeschool | H10: =HYPERLINK("https://github.com/samquansah-algo/nbc-vct/blob/main/marketing/OUTREACH_MESSAGES.md#v1-first-messages","Open message") | I10: 46294 | M10: =IF(AND(J10<>"",L10<>""),L10-J10,"") | N10: =IF(AND(J10<>"",L10=""),J10+5,"") | R10: Open | S10: =IF(R10<>"Open",R10,IF(P10="Yes","Booked",IF(L10<>"","Replied",IF(J10="","Scheduled",IF(TODAY()>J10+5,"Follow up","Sent")))))
A11: R5 | B11: v1 | C11: R1 | D11: =IF(C11="","",IFERROR(VLOOKUP(C11,Organisations!$A:$B,2,FALSE),"")) | E11: Email | F11: Assessment researcher | G11: an assessment researcher (ISLS) | H11: =HYPERLINK("https://github.com/samquansah-algo/nbc-vct/blob/main/marketing/OUTREACH_MESSAGES.md#v1-first-messages","Open message") | I11: 46293 | M11: =IF(AND(J11<>"",L11<>""),L11-J11,"") | N11: =IF(AND(J11<>"",L11=""),J11+5,"") | R11: Open | S11: =IF(R11<>"Open",R11,IF(P11="Yes","Booked",IF(L11<>"","Replied",IF(J11="","Scheduled",IF(TODAY()>J11+5,"Follow up","Sent")))))
A12: CC1 | B12: v1 | C12: CC | D12: =IF(C12="","",IFERROR(VLOOKUP(C12,Organisations!$A:$B,2,FALSE),"")) | E12: In person | F12: Cape Coast programme owners | G12: After-school and club owners, in person | I12: 46293 | M12: =IF(AND(J12<>"",L12<>""),L12-J12,"") | N12: =IF(AND(J12<>"",L12=""),J12+5,"") | R12: Open | S12: =IF(R12<>"Open",R12,IF(P12="Yes","Booked",IF(L12<>"","Replied",IF(J12="","Scheduled",IF(TODAY()>J12+5,"Follow up","Sent")))))
A13: CC2 | B13: v1 | C13: CC | D13: =IF(C13="","",IFERROR(VLOOKUP(C13,Organisations!$A:$B,2,FALSE),"")) | E13: In person | F13: Cape Coast programme owners | G13: After-school and club owners, in person | I13: 46294 | M13: =IF(AND(J13<>"",L13<>""),L13-J13,"") | N13: =IF(AND(J13<>"",L13=""),J13+5,"") | R13: Open | S13: =IF(R13<>"Open",R13,IF(P13="Yes","Booked",IF(L13<>"","Replied",IF(J13="","Scheduled",IF(TODAY()>J13+5,"Follow up","Sent")))))
A14: P1-v2 | B14: v2 | C14: G2 | D14: =IF(C14="","",IFERROR(VLOOKUP(C14,Organisations!$A:$B,2,FALSE),"")) | E14: Email | F14: GRAF / club owner | G14: Ghana Robotics Academy Foundation (website contact) | H14: =HYPERLINK("https://github.com/samquansah-algo/nbc-vct/blob/main/marketing/OUTREACH_MESSAGES.md#v2-refined-messages","Open message") | I14: 46295 | M14: =IF(AND(J14<>"",L14<>""),L14-J14,"") | N14: =IF(AND(J14<>"",L14=""),J14+5,"") | R14: Open | S14: =IF(R14<>"Open",R14,IF(P14="Yes","Booked",IF(L14<>"","Replied",IF(J14="","Scheduled",IF(TODAY()>J14+5,"Follow up","Sent")))))
A15: P2-v2 | B15: v2 | C15: G1 | D15: =IF(C15="","",IFERROR(VLOOKUP(C15,Organisations!$A:$B,2,FALSE),"")) | E15: Email | F15: Ghana Code Club | G15: Ghana Code Club team | H15: =HYPERLINK("https://github.com/samquansah-algo/nbc-vct/blob/main/marketing/OUTREACH_MESSAGES.md#v2-refined-messages","Open message") | I15: 46295 | M15: =IF(AND(J15<>"",L15<>""),L15-J15,"") | N15: =IF(AND(J15<>"",L15=""),J15+5,"") | R15: Open | S15: =IF(R15<>"Open",R15,IF(P15="Yes","Booked",IF(L15<>"","Replied",IF(J15="","Scheduled",IF(TODAY()>J15+5,"Follow up","Sent")))))
A16: P3-v2 | B16: v2 | C16: G3 | D16: =IF(C16="","",IFERROR(VLOOKUP(C16,Organisations!$A:$B,2,FALSE),"")) | E16: Formal letter | F16: Ghana Library Authority | G16: Ghana Library Authority, Programme Office | H16: =HYPERLINK("https://github.com/samquansah-algo/nbc-vct/blob/main/marketing/OUTREACH_MESSAGES.md#v2-refined-messages","Open message") | I16: 46296 | M16: =IF(AND(J16<>"",L16<>""),L16-J16,"") | N16: =IF(AND(J16<>"",L16=""),J16+5,"") | R16: Open | S16: =IF(R16<>"Open",R16,IF(P16="Yes","Booked",IF(L16<>"","Replied",IF(J16="","Scheduled",IF(TODAY()>J16+5,"Follow up","Sent")))))
A17: P4-v2 | B17: v2 | C17: F1 | D17: =IF(C17="","",IFERROR(VLOOKUP(C17,Organisations!$A:$B,2,FALSE),"")) | E17: Facebook group | F17: Participatory Library group | G17: MakerSpaces and the Participatory Library | H17: =HYPERLINK("https://github.com/samquansah-algo/nbc-vct/blob/main/marketing/OUTREACH_MESSAGES.md#v2-refined-messages","Open message") | I17: 46296 | M17: =IF(AND(J17<>"",L17<>""),L17-J17,"") | N17: =IF(AND(J17<>"",L17=""),J17+5,"") | R17: Open | S17: =IF(R17<>"Open",R17,IF(P17="Yes","Booked",IF(L17<>"","Replied",IF(J17="","Scheduled",IF(TODAY()>J17+5,"Follow up","Sent")))))
A18: P5-v2 | B18: v2 | C18: R1 | D18: =IF(C18="","",IFERROR(VLOOKUP(C18,Organisations!$A:$B,2,FALSE),"")) | E18: Email | F18: Learning-sciences researcher | G18: a learning-sciences researcher (ISLS) | H18: =HYPERLINK("https://github.com/samquansah-algo/nbc-vct/blob/main/marketing/OUTREACH_MESSAGES.md#v2-refined-messages","Open message") | I18: 46297 | M18: =IF(AND(J18<>"",L18<>""),L18-J18,"") | N18: =IF(AND(J18<>"",L18=""),J18+5,"") | R18: Open | S18: =IF(R18<>"Open",R18,IF(P18="Yes","Booked",IF(L18<>"","Replied",IF(J18="","Scheduled",IF(TODAY()>J18+5,"Follow up","Sent")))))
A19: R1-v2 | B19: v2 | C19: M1 | D19: =IF(C19="","",IFERROR(VLOOKUP(C19,Organisations!$A:$B,2,FALSE),"")) | E19: Community post | F19: Facilitator community | G19: micro:bit Champions community | H19: =HYPERLINK("https://github.com/samquansah-algo/nbc-vct/blob/main/marketing/OUTREACH_MESSAGES.md#v2-refined-messages","Open message") | I19: 46297 | M19: =IF(AND(J19<>"",L19<>""),L19-J19,"") | N19: =IF(AND(J19<>"",L19=""),J19+5,"") | R19: Open | S19: =IF(R19<>"Open",R19,IF(P19="Yes","Booked",IF(L19<>"","Replied",IF(J19="","Scheduled",IF(TODAY()>J19+5,"Follow up","Sent")))))
A20: R2-v2 | B20: v2 | C20: G5 | D20: =IF(C20="","",IFERROR(VLOOKUP(C20,Organisations!$A:$B,2,FALSE),"")) | E20: LinkedIn | F20: Programme owner | G20: a programme owner (e.g. The MakersPlace) | H20: =HYPERLINK("https://github.com/samquansah-algo/nbc-vct/blob/main/marketing/OUTREACH_MESSAGES.md#v2-refined-messages","Open message") | I20: 46297 | M20: =IF(AND(J20<>"",L20<>""),L20-J20,"") | N20: =IF(AND(J20<>"",L20=""),J20+5,"") | R20: Open | S20: =IF(R20<>"Open",R20,IF(P20="Yes","Booked",IF(L20<>"","Replied",IF(J20="","Scheduled",IF(TODAY()>J20+5,"Follow up","Sent")))))
A21: R3-v2 | B21: v2 | C21: M2 | D21: =IF(C21="","",IFERROR(VLOOKUP(C21,Organisations!$A:$B,2,FALSE),"")) | E21: Forum / DM | F21: Makerspace practitioner | G21: Scratch Educator Meetups | H21: =HYPERLINK("https://github.com/samquansah-algo/nbc-vct/blob/main/marketing/OUTREACH_MESSAGES.md#v2-refined-messages","Open message") | I21: 46300 | M21: =IF(AND(J21<>"",L21<>""),L21-J21,"") | N21: =IF(AND(J21<>"",L21=""),J21+5,"") | R21: Open | S21: =IF(R21<>"Open",R21,IF(P21="Yes","Booked",IF(L21<>"","Replied",IF(J21="","Scheduled",IF(TODAY()>J21+5,"Follow up","Sent")))))
A22: R4-v2 | B22: v2 | C22: T3 | D22: =IF(C22="","",IFERROR(VLOOKUP(C22,Organisations!$A:$B,2,FALSE),"")) | E22: Reddit | F22: Parent community | G22: r/homeschool | H22: =HYPERLINK("https://github.com/samquansah-algo/nbc-vct/blob/main/marketing/OUTREACH_MESSAGES.md#v2-refined-messages","Open message") | I22: 46300 | M22: =IF(AND(J22<>"",L22<>""),L22-J22,"") | N22: =IF(AND(J22<>"",L22=""),J22+5,"") | R22: Open | S22: =IF(R22<>"Open",R22,IF(P22="Yes","Booked",IF(L22<>"","Replied",IF(J22="","Scheduled",IF(TODAY()>J22+5,"Follow up","Sent")))))
A23: R6 | B23: v2 | D23: =IF(C23="","",IFERROR(VLOOKUP(C23,Organisations!$A:$B,2,FALSE),"")) | E23: Same as v1 | F23: Follow-up (once) | G23: Everyone who has not replied to v1 | H23: =HYPERLINK("https://github.com/samquansah-algo/nbc-vct/blob/main/marketing/OUTREACH_MESSAGES.md#v2-refined-messages","Open message") | I23: 46301 | M23: =IF(AND(J23<>"",L23<>""),L23-J23,"") | N23: =IF(AND(J23<>"",L23=""),J23+5,"") | R23: Open | S23: =IF(R23<>"Open",R23,IF(P23="Yes","Booked",IF(L23<>"","Replied",IF(J23="","Scheduled",IF(TODAY()>J23+5,"Follow up","Sent")))))
D24: =IF(C24="","",IFERROR(VLOOKUP(C24,Organisations!$A:$B,2,FALSE),"")) | M24: =IF(AND(J24<>"",L24<>""),L24-J24,"") | N24: =IF(AND(J24<>"",L24=""),J24+5,"") | S24: =IF(A24="","",IF(R24<>"Open",R24,IF(P24="Yes","Booked",IF(L24<>"","Replied",IF(J24="","Scheduled",IF(TODAY()>J24+5,"Follow up","Sent"))))))
D25: =IF(C25="","",IFERROR(VLOOKUP(C25,Organisations!$A:$B,2,FALSE),"")) | M25: =IF(AND(J25<>"",L25<>""),L25-J25,"") | N25: =IF(AND(J25<>"",L25=""),J25+5,"") | S25: =IF(A25="","",IF(R25<>"Open",R25,IF(P25="Yes","Booked",IF(L25<>"","Replied",IF(J25="","Scheduled",IF(TODAY()>J25+5,"Follow up","Sent"))))))
D26: =IF(C26="","",IFERROR(VLOOKUP(C26,Organisations!$A:$B,2,FALSE),"")) | M26: =IF(AND(J26<>"",L26<>""),L26-J26,"") | N26: =IF(AND(J26<>"",L26=""),J26+5,"") | S26: =IF(A26="","",IF(R26<>"Open",R26,IF(P26="Yes","Booked",IF(L26<>"","Replied",IF(J26="","Scheduled",IF(TODAY()>J26+5,"Follow up","Sent"))))))
D27: =IF(C27="","",IFERROR(VLOOKUP(C27,Organisations!$A:$B,2,FALSE),"")) | M27: =IF(AND(J27<>"",L27<>""),L27-J27,"") | N27: =IF(AND(J27<>"",L27=""),J27+5,"") | S27: =IF(A27="","",IF(R27<>"Open",R27,IF(P27="Yes","Booked",IF(L27<>"","Replied",IF(J27="","Scheduled",IF(TODAY()>J27+5,"Follow up","Sent"))))))
D28: =IF(C28="","",IFERROR(VLOOKUP(C28,Organisations!$A:$B,2,FALSE),"")) | M28: =IF(AND(J28<>"",L28<>""),L28-J28,"") | N28: =IF(AND(J28<>"",L28=""),J28+5,"") | S28: =IF(A28="","",IF(R28<>"Open",R28,IF(P28="Yes","Booked",IF(L28<>"","Replied",IF(J28="","Scheduled",IF(TODAY()>J28+5,"Follow up","Sent"))))))
D29: =IF(C29="","",IFERROR(VLOOKUP(C29,Organisations!$A:$B,2,FALSE),"")) | M29: =IF(AND(J29<>"",L29<>""),L29-J29,"") | N29: =IF(AND(J29<>"",L29=""),J29+5,"") | S29: =IF(A29="","",IF(R29<>"Open",R29,IF(P29="Yes","Booked",IF(L29<>"","Replied",IF(J29="","Scheduled",IF(TODAY()>J29+5,"Follow up","Sent"))))))
D30: =IF(C30="","",IFERROR(VLOOKUP(C30,Organisations!$A:$B,2,FALSE),"")) | M30: =IF(AND(J30<>"",L30<>""),L30-J30,"") | N30: =IF(AND(J30<>"",L30=""),J30+5,"") | S30: =IF(A30="","",IF(R30<>"Open",R30,IF(P30="Yes","Booked",IF(L30<>"","Replied",IF(J30="","Scheduled",IF(TODAY()>J30+5,"Follow up","Sent"))))))
D31: =IF(C31="","",IFERROR(VLOOKUP(C31,Organisations!$A:$B,2,FALSE),"")) | M31: =IF(AND(J31<>"",L31<>""),L31-J31,"") | N31: =IF(AND(J31<>"",L31=""),J31+5,"") | S31: =IF(A31="","",IF(R31<>"Open",R31,IF(P31="Yes","Booked",IF(L31<>"","Replied",IF(J31="","Scheduled",IF(TODAY()>J31+5,"Follow up","Sent"))))))
D32: =IF(C32="","",IFERROR(VLOOKUP(C32,Organisations!$A:$B,2,FALSE),"")) | M32: =IF(AND(J32<>"",L32<>""),L32-J32,"") | N32: =IF(AND(J32<>"",L32=""),J32+5,"") | S32: =IF(A32="","",IF(R32<>"Open",R32,IF(P32="Yes","Booked",IF(L32<>"","Replied",IF(J32="","Scheduled",IF(TODAY()>J32+5,"Follow up","Sent"))))))
D33: =IF(C33="","",IFERROR(VLOOKUP(C33,Organisations!$A:$B,2,FALSE),"")) | M33: =IF(AND(J33<>"",L33<>""),L33-J33,"") | N33: =IF(AND(J33<>"",L33=""),J33+5,"") | S33: =IF(A33="","",IF(R33<>"Open",R33,IF(P33="Yes","Booked",IF(L33<>"","Replied",IF(J33="","Scheduled",IF(TODAY()>J33+5,"Follow up","Sent"))))))
D34: =IF(C34="","",IFERROR(VLOOKUP(C34,Organisations!$A:$B,2,FALSE),"")) | M34: =IF(AND(J34<>"",L34<>""),L34-J34,"") | N34: =IF(AND(J34<>"",L34=""),J34+5,"") | S34: =IF(A34="","",IF(R34<>"Open",R34,IF(P34="Yes","Booked",IF(L34<>"","Replied",IF(J34="","Scheduled",IF(TODAY()>J34+5,"Follow up","Sent"))))))
D35: =IF(C35="","",IFERROR(VLOOKUP(C35,Organisations!$A:$B,2,FALSE),"")) | M35: =IF(AND(J35<>"",L35<>""),L35-J35,"") | N35: =IF(AND(J35<>"",L35=""),J35+5,"") | S35: =IF(A35="","",IF(R35<>"Open",R35,IF(P35="Yes","Booked",IF(L35<>"","Replied",IF(J35="","Scheduled",IF(TODAY()>J35+5,"Follow up","Sent"))))))
... D200: =IF(C200="","",IFERROR(VLOOKUP(C200,Organisations!$A:$B,2,FALSE),"")) | M200: =IF(AND(J200<>"",L200<>""),L200-J200,"") | N200: =IF(AND(J200<>"",L200=""),J200+5,"") | S200: =IF(A200="","",IF(R200<>"Open",R200,IF(P200="Yes","Booked",IF(L200<>"","Replied",IF(J200="","Scheduled",IF(TODAY()>J200+5,"Follow up","Sent"))))))

Sheet Contacts
A1: Contact ID | B1: Role (no names) | C1: Org ID | D1: Organisation | E1: Segment | F1: Setting | G1: Connected to Algo Peers? | H1: Consent recorded? | I1: Source msg ID | J1: First contact | K1: Last contact | L1: Next step | M1: Next step date | N1: Notes
A2: C01 | B2: Owner 1 | C2: G2 | D2: =IF(C2="","",IFERROR(VLOOKUP(C2,Organisations!$A:$B,2,FALSE),"")) | E2: Buyer | F2: Constrained | G2: No | H2: No | I2: P1 | L2: Interview | M2: 46296 | N2: Planned participant; confirm when they reply
A3: C02 | B3: Owner 2 | C3: CC | D3: =IF(C3="","",IFERROR(VLOOKUP(C3,Organisations!$A:$B,2,FALSE),"")) | E3: Buyer | F3: Constrained | G3: No | H3: No | I3: CC1 | L3: Interview | M3: 46295 | N3: Planned participant; confirm when they reply
A4: C03 | B4: Owner 3 | C4: CC | D4: =IF(C4="","",IFERROR(VLOOKUP(C4,Organisations!$A:$B,2,FALSE),"")) | E4: Buyer | F4: Constrained | G4: No | H4: No | I4: CC2 | L4: Interview | M4: 46296 | N4: Planned participant; confirm when they reply
A5: C04 | B5: Parent 1 | D5: =IF(C5="","",IFERROR(VLOOKUP(C5,Organisations!$A:$B,2,FALSE),"")) | E5: Buyer | F5: Constrained | G5: Yes | H5: No | L5: Interview | M5: 46295 | N5: Planned participant; confirm when they reply
A6: C05 | B6: Facilitator 1 | C6: G1 | D6: =IF(C6="","",IFERROR(VLOOKUP(C6,Organisations!$A:$B,2,FALSE),"")) | E6: User | F6: Constrained | G6: No | H6: No | I6: P2 | L6: Interview | M6: 46297 | N6: Planned participant; confirm when they reply
A7: C06 | B7: Facilitator 2 | C7: G1 | D7: =IF(C7="","",IFERROR(VLOOKUP(C7,Organisations!$A:$B,2,FALSE),"")) | E7: User | F7: Constrained | G7: No | H7: No | I7: P2 | L7: Interview | M7: 46298 | N7: Planned participant; confirm when they reply
A8: C07 | B8: Librarian | C8: G3 | D8: =IF(C8="","",IFERROR(VLOOKUP(C8,Organisations!$A:$B,2,FALSE),"")) | E8: Host | F8: Constrained | G8: No | H8: No | I8: P3 | L8: Interview | M8: 46300 | N8: Planned participant; confirm when they reply
A9: C08 | B9: Library maker lead | C9: F1 | D9: =IF(C9="","",IFERROR(VLOOKUP(C9,Organisations!$A:$B,2,FALSE),"")) | E9: User | F9: Tech-rich | G9: No | H9: No | I9: P4 | L9: Interview | M9: 46300 | N9: Planned participant; confirm when they reply
A10: C09 | B10: Parent 2 | C10: T3 | D10: =IF(C10="","",IFERROR(VLOOKUP(C10,Organisations!$A:$B,2,FALSE),"")) | E10: Buyer | F10: Tech-rich | G10: No | H10: No | I10: R4 | L10: Interview | M10: 46301 | N10: Planned participant; confirm when they reply
A11: C10 | B11: Researcher | C11: R1 | D11: =IF(C11="","",IFERROR(VLOOKUP(C11,Organisations!$A:$B,2,FALSE),"")) | E11: Research | F11: Both | G11: No | H11: No | I11: P5 | L11: Interview | M11: 46301 | N11: Planned participant; confirm when they reply
D12: =IF(C12="","",IFERROR(VLOOKUP(C12,Organisations!$A:$B,2,FALSE),""))
D13: =IF(C13="","",IFERROR(VLOOKUP(C13,Organisations!$A:$B,2,FALSE),""))
D14: =IF(C14="","",IFERROR(VLOOKUP(C14,Organisations!$A:$B,2,FALSE),""))
D15: =IF(C15="","",IFERROR(VLOOKUP(C15,Organisations!$A:$B,2,FALSE),""))
D16: =IF(C16="","",IFERROR(VLOOKUP(C16,Organisations!$A:$B,2,FALSE),""))
D17: =IF(C17="","",IFERROR(VLOOKUP(C17,Organisations!$A:$B,2,FALSE),""))
D18: =IF(C18="","",IFERROR(VLOOKUP(C18,Organisations!$A:$B,2,FALSE),""))
D19: =IF(C19="","",IFERROR(VLOOKUP(C19,Organisations!$A:$B,2,FALSE),""))
D20: =IF(C20="","",IFERROR(VLOOKUP(C20,Organisations!$A:$B,2,FALSE),""))
D21: =IF(C21="","",IFERROR(VLOOKUP(C21,Organisations!$A:$B,2,FALSE),""))
D22: =IF(C22="","",IFERROR(VLOOKUP(C22,Organisations!$A:$B,2,FALSE),""))
D23: =IF(C23="","",IFERROR(VLOOKUP(C23,Organisations!$A:$B,2,FALSE),""))
... D200: =IF(C200="","",IFERROR(VLOOKUP(C200,Organisations!$A:$B,2,FALSE),""))

Sheet Interviews
A1: Interview ID | B1: Contact ID | C1: Participant | D1: Role | E1: Setting | F1: Channel | G1: Target date | H1: Status | I1: Done date | J1: Minutes | K1: Consent? | L1: Recent problem (their words) | M1: Workaround | N1: Consequence | O1: How often | P1: Who buys | Q1: Budget process | R1: Existing spend | S1: Offer response | T1: Next step | U1: P1 Can't tell if skill transfers | V1: P2 Stops without key facilitator | W1: P3 Prep time too high | X1: P4 Hard to show families progress | Y1: P5 No budget route | Z1: Notes / screenshot link
A2: I01 | B2: C01 | C2: Owner 1 | D2: Buyer | E2: Constrained | F2: P1 email intro | G2: 46296 | H2: Scheduled
A3: I02 | B3: C02 | C3: Owner 2 | D3: Buyer | E3: Constrained | F3: In-person canvass | G3: 46295 | H3: Scheduled
A4: I03 | B4: C03 | C4: Owner 3 | D4: Buyer | E4: Constrained | F4: In-person canvass | G4: 46296 | H4: Scheduled
A5: I04 | B5: C04 | C5: Parent 1 | D5: Buyer | E5: Constrained | F5: Direct | G5: 46295 | H5: Scheduled
A6: I05 | B6: C05 | C6: Facilitator 1 | D6: User | E6: Constrained | F6: P2 email | G6: 46297 | H6: Scheduled
A7: I06 | B7: C06 | C7: Facilitator 2 | D7: User | E7: Constrained | F7: P2 email | G7: 46298 | H7: Scheduled
A8: I07 | B8: C07 | C8: Librarian | D8: Host | E8: Constrained | F8: P3 letter | G8: 46300 | H8: Scheduled
A9: I08 | B9: C08 | C9: Library maker lead | D9: User | E9: Tech-rich | F9: P4 post | G9: 46300 | H9: Scheduled
A10: I09 | B10: C09 | C10: Parent 2 | D10: Buyer | E10: Tech-rich | F10: R4 post | G10: 46301 | H10: Scheduled
A11: I10 | B11: C10 | C11: Researcher | D11: Research | E11: Both | F11: P5 email | G11: 46301 | H11: Scheduled

Sheet Insights grid
A1: Participant | B1: Role | C1: Status | D1: P1 Can't tell if skill transfers | E1: P2 Stops without key facilitator | F1: P3 Prep time too high | G1: P4 Hard to show families progress | H1: P5 No budget route
A2: =IF(Interviews!C2="","",Interviews!C2) | B2: =IF(Interviews!D2="","",Interviews!D2) | C2: =IF(Interviews!H2="","",Interviews!H2) | D2: =IF(Interviews!U2="","",Interviews!U2) | E2: =IF(Interviews!V2="","",Interviews!V2) | F2: =IF(Interviews!W2="","",Interviews!W2) | G2: =IF(Interviews!X2="","",Interviews!X2) | H2: =IF(Interviews!Y2="","",Interviews!Y2)
A3: =IF(Interviews!C3="","",Interviews!C3) | B3: =IF(Interviews!D3="","",Interviews!D3) | C3: =IF(Interviews!H3="","",Interviews!H3) | D3: =IF(Interviews!U3="","",Interviews!U3) | E3: =IF(Interviews!V3="","",Interviews!V3) | F3: =IF(Interviews!W3="","",Interviews!W3) | G3: =IF(Interviews!X3="","",Interviews!X3) | H3: =IF(Interviews!Y3="","",Interviews!Y3)
A4: =IF(Interviews!C4="","",Interviews!C4) | B4: =IF(Interviews!D4="","",Interviews!D4) | C4: =IF(Interviews!H4="","",Interviews!H4) | D4: =IF(Interviews!U4="","",Interviews!U4) | E4: =IF(Interviews!V4="","",Interviews!V4) | F4: =IF(Interviews!W4="","",Interviews!W4) | G4: =IF(Interviews!X4="","",Interviews!X4) | H4: =IF(Interviews!Y4="","",Interviews!Y4)
A5: =IF(Interviews!C5="","",Interviews!C5) | B5: =IF(Interviews!D5="","",Interviews!D5) | C5: =IF(Interviews!H5="","",Interviews!H5) | D5: =IF(Interviews!U5="","",Interviews!U5) | E5: =IF(Interviews!V5="","",Interviews!V5) | F5: =IF(Interviews!W5="","",Interviews!W5) | G5: =IF(Interviews!X5="","",Interviews!X5) | H5: =IF(Interviews!Y5="","",Interviews!Y5)
A6: =IF(Interviews!C6="","",Interviews!C6) | B6: =IF(Interviews!D6="","",Interviews!D6) | C6: =IF(Interviews!H6="","",Interviews!H6) | D6: =IF(Interviews!U6="","",Interviews!U6) | E6: =IF(Interviews!V6="","",Interviews!V6) | F6: =IF(Interviews!W6="","",Interviews!W6) | G6: =IF(Interviews!X6="","",Interviews!X6) | H6: =IF(Interviews!Y6="","",Interviews!Y6)
A7: =IF(Interviews!C7="","",Interviews!C7) | B7: =IF(Interviews!D7="","",Interviews!D7) | C7: =IF(Interviews!H7="","",Interviews!H7) | D7: =IF(Interviews!U7="","",Interviews!U7) | E7: =IF(Interviews!V7="","",Interviews!V7) | F7: =IF(Interviews!W7="","",Interviews!W7) | G7: =IF(Interviews!X7="","",Interviews!X7) | H7: =IF(Interviews!Y7="","",Interviews!Y7)
A8: =IF(Interviews!C8="","",Interviews!C8) | B8: =IF(Interviews!D8="","",Interviews!D8) | C8: =IF(Interviews!H8="","",Interviews!H8) | D8: =IF(Interviews!U8="","",Interviews!U8) | E8: =IF(Interviews!V8="","",Interviews!V8) | F8: =IF(Interviews!W8="","",Interviews!W8) | G8: =IF(Interviews!X8="","",Interviews!X8) | H8: =IF(Interviews!Y8="","",Interviews!Y8)
A9: =IF(Interviews!C9="","",Interviews!C9) | B9: =IF(Interviews!D9="","",Interviews!D9) | C9: =IF(Interviews!H9="","",Interviews!H9) | D9: =IF(Interviews!U9="","",Interviews!U9) | E9: =IF(Interviews!V9="","",Interviews!V9) | F9: =IF(Interviews!W9="","",Interviews!W9) | G9: =IF(Interviews!X9="","",Interviews!X9) | H9: =IF(Interviews!Y9="","",Interviews!Y9)
A10: =IF(Interviews!C10="","",Interviews!C10) | B10: =IF(Interviews!D10="","",Interviews!D10) | C10: =IF(Interviews!H10="","",Interviews!H10) | D10: =IF(Interviews!U10="","",Interviews!U10) | E10: =IF(Interviews!V10="","",Interviews!V10) | F10: =IF(Interviews!W10="","",Interviews!W10) | G10: =IF(Interviews!X10="","",Interviews!X10) | H10: =IF(Interviews!Y10="","",Interviews!Y10)
A11: =IF(Interviews!C11="","",Interviews!C11) | B11: =IF(Interviews!D11="","",Interviews!D11) | C11: =IF(Interviews!H11="","",Interviews!H11) | D11: =IF(Interviews!U11="","",Interviews!U11) | E11: =IF(Interviews!V11="","",Interviews!V11) | F11: =IF(Interviews!W11="","",Interviews!W11) | G11: =IF(Interviews!X11="","",Interviews!X11) | H11: =IF(Interviews!Y11="","",Interviews!Y11)
A12: =IF(Interviews!C12="","",Interviews!C12) | B12: =IF(Interviews!D12="","",Interviews!D12) | C12: =IF(Interviews!H12="","",Interviews!H12) | D12: =IF(Interviews!U12="","",Interviews!U12) | E12: =IF(Interviews!V12="","",Interviews!V12) | F12: =IF(Interviews!W12="","",Interviews!W12) | G12: =IF(Interviews!X12="","",Interviews!X12) | H12: =IF(Interviews!Y12="","",Interviews!Y12)
A13: =IF(Interviews!C13="","",Interviews!C13) | B13: =IF(Interviews!D13="","",Interviews!D13) | C13: =IF(Interviews!H13="","",Interviews!H13) | D13: =IF(Interviews!U13="","",Interviews!U13) | E13: =IF(Interviews!V13="","",Interviews!V13) | F13: =IF(Interviews!W13="","",Interviews!W13) | G13: =IF(Interviews!X13="","",Interviews!X13) | H13: =IF(Interviews!Y13="","",Interviews!Y13)
... A31: =IF(Interviews!C31="","",Interviews!C31) | B31: =IF(Interviews!D31="","",Interviews!D31) | C31: =IF(Interviews!H31="","",Interviews!H31) | D31: =IF(Interviews!U31="","",Interviews!U31) | E31: =IF(Interviews!V31="","",Interviews!V31) | F31: =IF(Interviews!W31="","",Interviews!W31) | G31: =IF(Interviews!X31="","",Interviews!X31) | H31: =IF(Interviews!Y31="","",Interviews!Y31)
A33: Interviews rated | D33: =COUNT(D2:D31) | E33: =COUNT(E2:E31) | F33: =COUNT(F2:F31) | G33: =COUNT(G2:G31) | H33: =COUNT(H2:H31)
A34: Rated 2 or more | D34: =COUNTIF(D2:D31,">=2") | E34: =COUNTIF(E2:E31,">=2") | F34: =COUNTIF(F2:F31,">=2") | G34: =COUNTIF(G2:G31,">=2") | H34: =COUNTIF(H2:H31,">=2")
A35: Buyers rating 2 or more | D35: =COUNTIFS($B$2:$B$31,"Buyer",D2:D31,">=2") | E35: =COUNTIFS($B$2:$B$31,"Buyer",E2:E31,">=2") | F35: =COUNTIFS($B$2:$B$31,"Buyer",F2:F31,">=2") | G35: =COUNTIFS($B$2:$B$31,"Buyer",G2:G31,">=2") | H35: =COUNTIFS($B$2:$B$31,"Buyer",H2:H31,">=2")
A36: Share rating 2+ (of rated) | D36: =IFERROR(D34/D33,"") | E36: =IFERROR(E34/E33,"") | F36: =IFERROR(F34/F33,"") | G36: =IFERROR(G34/G33,"") | H36: =IFERROR(H34/H33,"")
A37: Confirmed? (6+ of 10 and 3+ buyers) | D37: =IF(D34>=6,IF(D35>=3,"Confirmed","Not confirmed"),IF(D33<10,"Pending","Not confirmed")) | E37: =IF(E34>=6,IF(E35>=3,"Confirmed","Not confirmed"),IF(E33<10,"Pending","Not confirmed")) | F37: =IF(F34>=6,IF(F35>=3,"Confirmed","Not confirmed"),IF(F33<10,"Pending","Not confirmed")) | G37: =IF(G34>=6,IF(G35>=3,"Confirmed","Not confirmed"),IF(G33<10,"Pending","Not confirmed")) | H37: =IF(H34>=6,IF(H35>=3,"Confirmed","Not confirmed"),IF(H33<10,"Pending","Not confirmed"))

Sheet Organisations
A1: Org ID | B1: Organisation | C1: Type | D1: Segment | E1: Setting | F1: Size | G1: Size source | H1: Why it fits | I1: Link | J1: Permission to post | K1: Notes
A2: G1 | B2: Ghana Code Club | C2: Teacher and mentor network | D2: User | E2: Constrained | F2: 7,000 teachers · 22 centres | G2: Programme reach, self-reported | H2: Ghanaian teachers running children's coding clubs: our users and programme owners. | I2: =HYPERLINK("https://ghanacodeclub.org/","ghanacodeclub.org") | J2: Not needed
A3: G2 | B3: Ghana Robotics Academy Foundation | C3: Organisation and club coaches | D3: Buyer | E3: Constrained | F3: Robofest clubs | G3: Member count not public | H3: Club owners and coaches decide what to run and pay for: our buyers. | I3: =HYPERLINK("https://foundation.ghanarobotics.org/","foundation.ghanarobotics.org") | J3: Not needed
A4: G3 | B4: Ghana Library Authority | C4: Librarian trainers | D4: Host | E4: Constrained | F4: 15 libraries | G4: Head librarians and ICT coordinators | H4: Library-hosted recurring sessions with few devices: an institutional host. | I4: =HYPERLINK("https://www.library.gov.gh/","library.gov.gh") | J4: Not needed
A5: G4 | B5: Ghana Society for Education and Technology | C5: Teacher association | D5: User | E5: Constrained | F5: ~20,000 members | G5: Self-reported, by 2022 | H5: Tech-interested Ghanaian teachers: users and early adopters. | I5: =HYPERLINK("https://gset.education/","gset.education") | J5: Not needed
A6: G5 | B6: The MakersPlace (Accra) | C6: STEAM programme | D6: Buyer | E6: Constrained | F6: 10,000+ learners | G6: Self-reported since 2019; 100+ teachers trained | H6: A peer programme owner with parents and facilitators: buyer and user. | I6: =HYPERLINK("https://makersplacegh.com/","makersplacegh.com") | J6: Not needed
A7: F1 | B7: MakerSpaces and the Participatory Library | C7: Facebook group | D7: User | E7: Tech-rich | F7: 1,257 members | G7: Indexed group page, undated | H7: Library maker staff in tech-rich settings: our contrast site. | I7: =HYPERLINK("https://www.facebook.com/groups/librarymaker/","facebook.com/groups/librarymaker") | J7: To request
A8: M1 | B8: micro:bit Champions | C8: Practitioner network | D8: User | E8: Both | F8: 382 educators · 51 countries | G8: Foundation's own figure | H8: Educators running physical computing worldwide, including Ghana. | I8: =HYPERLINK("https://microbit.org/champions/","microbit.org/champions") | J8: To request
A9: M2 | B9: Scratch Educator Meetups | C9: Meetup network | D9: User | E9: Tech-rich | F9: 4,000+ members · 44 groups | G9: Historical network figure | H9: Educators using Scratch who run hands-on sessions. | I9: =HYPERLINK("https://www.scratchfoundation.org/scratch-meetups-learn","scratchfoundation.org") | J9: Not needed
A10: T3 | B10: r/homeschool | C10: Reddit community | D10: Buyer | E10: Tech-rich | F10: ~238,000 subscribers | G10: Cached third-party figure | H10: Parents of 9–12s: the family-offer test and a contrast. | I10: =HYPERLINK("https://www.reddit.com/r/homeschool/","reddit.com/r/homeschool") | J10: To request
A11: R1 | B11: International Society of the Learning Sciences | C11: Research society | D11: Research | E11: Both | F11: Global | G11: Member count not public | H11: Researchers who can set our sample and transfer measures. | I11: =HYPERLINK("https://www.isls.org/","isls.org") | J11: Not needed
A12: CC | B12: Cape Coast programme owners | C12: In person | D12: Buyer | E12: Constrained | F12: No online group | G12: Canvassed in person | H12: First buyers; they gather at schools and churches, not online | J12: Not needed | K12: Canvass Mon 28 – Tue 29 Sep

Sheet Lists
A1: Segment | B1: Setting | C1: Channel | D1: Outcome | E1: Interview status | F1: Yes/No | G1: Rating | H1: Permission
A2: Buyer | B2: Constrained | C2: Email | D2: Open | E2: Scheduled | F2: Yes | G2: 0 | H2: Not needed
A3: User | B3: Tech-rich | C3: Formal letter | D3: Declined | E3: Done | F3: No | G3: 1 | H3: To request
A4: Host | B4: Both | C4: Facebook group | D4: Not sent | E4: Rescheduled | G4: 2 | H4: Requested
A5: Research | C5: Community post | D5: Bounced | E5: No-show | G5: 3 | H5: Granted
C6: LinkedIn | D6: Wrong person | E6: Cancelled | H6: Refused
C7: Forum / DM
C8: Reddit
C9: In person
C10: Phone call
C11: WhatsApp
